Clienti afisati,da,2023-05-24 20:26:31
Educatori afisati,da,2023-05-24 20:26:56
Contracte afisate,da,2023-05-24 20:26:58
Clienti afisati,da,2023-05-24 20:26:59
Client adaugat,nu,2023-05-24 20:28:05
Clienti afisati,da,2023-05-24 20:29:16
Client adaugat,nu,2023-05-24 20:29:52
Clienti afisati,da,2023-05-24 20:30:36
Client adaugat,nu,2023-05-24 20:31:10
Client adaugat,nu,2023-05-24 20:31:49
Clienti afisati,da,2023-05-24 20:34:46
Client sters,da,2023-05-24 20:34:56
Clienti afisati,da,2023-05-25 13:09:03
Clienti afisati,da,2023-05-25 13:19:39
Clienti afisati,da,2023-05-25 13:20:28
Copii afisati,da,2023-05-25 13:32:43
Educatori afisati,da,2023-05-25 13:32:47
Educatori afisati,da,2023-05-25 13:43:41
Contracte afisate,da,2023-05-25 14:15:57
Contracte afisate,da,2023-05-25 14:32:48
Contracte afisate,da,2023-05-25 15:03:31
Contracte afisate,da,2023-05-25 15:04:10
Contracte afisate,da,2023-05-25 15:05:20
Contracte afisate,da,2023-05-25 15:05:49
Contracte afisate,da,2023-05-25 15:06:28
Clienti afisati,da,2023-05-25 17:37:35
